,state_ut,year,voilent_crime_total,women_crime_total,property_crime_total,economic_crime_total,total_ipc_crimes
0,AANDN ISLANDS,2013,200,258,236,60,1380
1,AANDN ISLANDS,2014,209,281,255,60,1456
2,AANDN ISLANDS,2015,221,283,276,64,1469
3,AANDN ISLANDS,2016,235,298,287,75,1538
4,AANDN ISLANDS,2017,246,314,274,80,1569
5,AANDN ISLANDS,2018,259,331,289,81,1668
6,AANDN ISLANDS,2019,279,345,294,85,1715
7,AANDN ISLANDS,2020,297,348,296,88,1773
8,AANDN ISLANDS,2021,302,362,320,92,1858
9,AANDN ISLANDS,2022,315,375,337,92,1926
10,AANDN ISLANDS,2023,315,389,347,97,1931
11,ANDAMAN AND NICOBAR ISLANDS,2001,294,74,396,40,1456
12,ANDAMAN AND NICOBAR ISLANDS,2002,262,58,310,30,1322
13,ANDAMAN AND NICOBAR ISLANDS,2003,314,48,370,32,1416
14,ANDAMAN AND NICOBAR ISLANDS,2004,296,74,556,24,1728
15,ANDAMAN AND NICOBAR ISLANDS,2005,220,52,512,42,1560
16,ANDAMAN AND NICOBAR ISLANDS,2006,210,84,578,44,1576
17,ANDAMAN AND NICOBAR ISLANDS,2007,318,114,656,62,1868
18,ANDAMAN AND NICOBAR ISLANDS,2008,324,184,696,64,2078
19,ANDAMAN AND NICOBAR ISLANDS,2009,288,218,730,58,2218
20,ANDAMAN AND NICOBAR ISLANDS,2010,288,212,660,132,2270
21,ANDAMAN AND NICOBAR ISLANDS,2011,266,122,554,70,1818
22,ANDAMAN AND NICOBAR ISLANDS,2012,216,118,440,74,1548
23,ANDAMAN AND NICOBAR ISLANDS,2014,505,244,1039,157,3409
24,ANDAMAN AND NICOBAR ISLANDS,2015,532,245,1021,167,3477
25,ANDAMAN AND NICOBAR ISLANDS,2016,544,260,1045,184,3532
26,ANDAMAN AND NICOBAR ISLANDS,2017,546,283,1058,209,3633
27,ANDAMAN AND NICOBAR ISLANDS,2018,543,312,1081,222,3748
28,ANDAMAN AND NICOBAR ISLANDS,2019,576,317,1115,245,3823
29,ANDAMAN AND NICOBAR ISLANDS,2020,609,322,1114,264,3831
30,ANDAMAN AND NICOBAR ISLANDS,2021,635,340,1146,295,3890
31,ANDAMAN AND NICOBAR ISLANDS,2022,669,356,1160,325,4011
32,ANDAMAN AND NICOBAR ISLANDS,2023,693,368,1227,356,4173
33,ANDHRA PRADESH,2001,101864,29080,83148,12646,297786
34,ANDHRA PRADESH,2002,112910,32296,93840,15876,330272
35,ANDHRA PRADESH,2003,116584,35750,113414,17996,365580
36,ANDHRA PRADESH,2004,127010,36182,112820,18002,369752
37,ANDHRA PRADESH,2005,120282,36220,113116,18228,366896
38,ANDHRA PRADESH,2006,137336,40110,112368,19388,400996
39,ANDHRA PRADESH,2007,134234,46748,114498,18392,405290
40,ANDHRA PRADESH,2008,139136,46106,119600,19524,415728
41,ANDHRA PRADESH,2009,132726,48824,115658,19786,416558
42,ANDHRA PRADESH,2010,139378,52238,124796,20960,423218
43,ANDHRA PRADESH,2011,155768,53956,131134,22292,443286
44,ANDHRA PRADESH,2012,158956,53016,128384,25066,446416
45,ANDHRA PRADESH,2013,166206,64146,145446,29620,505602
46,ANDHRA PRADESH,2014,338228,121403,283229,56860,976021
47,ANDHRA PRADESH,2015,359557,126263,291731,59566,1003333
48,ANDHRA PRADESH,2016,378272,129606,303119,62942,1040740
49,ANDHRA PRADESH,2017,391211,131838,311090,65521,1065869
50,ANDHRA PRADESH,2018,408344,135187,322022,69177,1097546
51,ANDHRA PRADESH,2019,427924,139252,336596,73494,1138857
52,ANDHRA PRADESH,2020,459105,144664,344217,78610,1188295
53,ANDHRA PRADESH,2021,474065,149317,359241,83449,1229218
54,ANDHRA PRADESH,2022,496577,155744,376723,88418,1280118
55,ANDHRA PRADESH,2023,517421,163574,394807,93911,1333257
56,ARUNACHAL PRADESH,2001,1324,426,2484,150,5802
57,ARUNACHAL PRADESH,2002,1130,394,2314,114,5436
58,ARUNACHAL PRADESH,2003,1130,340,2180,112,5060
59,ARUNACHAL PRADESH,2004,1298,380,2136,122,5502
60,ARUNACHAL PRADESH,2005,1266,370,2850,136,5856
61,ARUNACHAL PRADESH,2006,1274,410,2522,216,5714
62,ARUNACHAL PRADESH,2007,1240,466,2714,168,5830
63,ARUNACHAL PRADESH,2008,1508,434,2456,144,5880
64,ARUNACHAL PRADESH,2009,1688,446,2076,150,5728
65,ARUNACHAL PRADESH,2010,1470,474,2370,300,5996
66,ARUNACHAL PRADESH,2011,1328,426,2176,260,5670
67,ARUNACHAL PRADESH,2012,1420,492,2208,282,5900
68,ARUNACHAL PRADESH,2013,1692,722,2646,194,7014
69,ARUNACHAL PRADESH,2014,3200,1385,4941,537,13467
70,ARUNACHAL PRADESH,2015,3309,1487,5098,601,14025
71,ARUNACHAL PRADESH,2016,3424,1581,5225,667,14622
72,ARUNACHAL PRADESH,2017,3524,1732,5418,757,15278
73,ARUNACHAL PRADESH,2018,3543,1885,5581,854,15889
74,ARUNACHAL PRADESH,2019,3681,2023,5875,933,16780
75,ARUNACHAL PRADESH,2020,3824,2164,6084,1038,17542
76,ARUNACHAL PRADESH,2021,3914,2351,6262,1153,18273
77,ARUNACHAL PRADESH,2022,4002,2510,6526,1281,19286
78,ARUNACHAL PRADESH,2023,4173,2690,6801,1445,20352
79,ASSAM,2001,27042,9730,28780,1990,89082
80,ASSAM,2002,25124,11942,29424,2668,88932
81,ASSAM,2003,26514,12586,29352,3126,92886
82,ASSAM,2004,29394,13614,30344,3016,99236
83,ASSAM,2005,29024,14316,31600,2926,102728
84,ASSAM,2006,27996,15970,38852,2928,109124
85,ASSAM,2007,28244,16488,37836,3326,112888
86,ASSAM,2008,28842,19040,40250,3534,130044
87,ASSAM,2009,29332,22550,38778,3968,134612
88,ASSAM,2010,28740,26428,40200,4862,148998
89,ASSAM,2011,30450,26324,42182,4950,160974
90,ASSAM,2012,36532,30372,47586,6088,185208
91,ASSAM,2013,35516,38654,52998,8228,208878
92,ASSAM,2014,76539,74384,103311,15208,417471
93,ASSAM,2015,78832,79469,106340,16180,440896
94,ASSAM,2016,82566,84321,111856,17285,470248
95,ASSAM,2017,87212,90261,119878,18869,501904
96,ASSAM,2018,91737,98771,126338,19954,542318
97,ASSAM,2019,96905,106439,133618,21649,578755
98,ASSAM,2020,100680,113947,141424,23184,621764
99,ASSAM,2021,106894,123045,149168,25527,673247
100,ASSAM,2022,114584,134359,158339,27663,731054
101,ASSAM,2023,123205,146349,169179,29746,791886
102,BIHAR,2001,55230,10754,52552,5380,202360
103,BIHAR,2002,59086,11986,54392,6196,215172
104,BIHAR,2003,57980,12338,54076,6288,211598
105,BIHAR,2004,66142,16474,59702,9044,247952
106,BIHAR,2005,62976,12698,56984,6120,225004
107,BIHAR,2006,66182,14100,60690,6644,232536
108,BIHAR,2007,74340,16196,58800,7526,250600
109,BIHAR,2008,76652,17274,64328,8324,280448
110,BIHAR,2009,73006,16880,72690,7862,284606
111,BIHAR,2010,76850,16490,73506,8296,294932
112,BIHAR,2011,88512,19498,76510,11162,314780
113,BIHAR,2012,145668,21526,81904,11246,340030
114,BIHAR,2013,123474,25560,98368,12896,391152
115,BIHAR,2014,290745,49640,187209,25637,766360
116,BIHAR,2015,310034,52926,190541,27792,793536
117,BIHAR,2016,337295,57140,195400,29798,835173
118,BIHAR,2017,363436,61282,205466,32063,879255
119,BIHAR,2018,397032,67309,212662,34496,934486
120,BIHAR,2019,430366,73228,225865,37871,996721
121,BIHAR,2020,468285,77894,232121,40530,1048720
122,BIHAR,2021,519667,85659,246358,43312,1131135
123,BIHAR,2022,579418,94611,263490,47405,1233305
124,BIHAR,2023,641167,103219,280462,53132,1331784
125,CHANDIGARH,2001,488,328,6898,366,10000
126,CHANDIGARH,2002,568,408,7316,442,11050
127,CHANDIGARH,2003,364,346,5392,486,8188
128,CHANDIGARH,2004,378,396,6224,324,8842
129,CHANDIGARH,2005,364,458,5966,404,9186
130,CHANDIGARH,2006,366,480,5390,588,8888
131,CHANDIGARH,2007,496,492,7420,420,10914
132,CHANDIGARH,2008,486,310,8534,500,11984
133,CHANDIGARH,2009,430,350,7474,470,10710
134,CHANDIGARH,2010,464,338,6552,378,9846
135,CHANDIGARH,2011,434,362,6730,560,10258
136,CHANDIGARH,2012,392,536,6816,540,10538
137,CHANDIGARH,2013,480,1052,6740,620,11804
138,CHANDIGARH,2014,881,1674,13660,1203,23000
139,CHANDIGARH,2015,897,1767,14121,1239,23776
140,CHANDIGARH,2016,913,1863,13826,1322,23952
141,CHANDIGARH,2017,950,2019,13651,1402,24223
142,CHANDIGARH,2018,974,2174,13821,1450,24849
143,CHANDIGARH,2019,1025,2354,14005,1493,25365
144,CHANDIGARH,2020,1061,2541,13762,1541,25546
145,CHANDIGARH,2021,1113,2806,14035,1535,26048
146,CHANDIGARH,2022,1160,3048,14277,1582,26860
147,CHANDIGARH,2023,1221,3304,14765,1633,27897
148,CHHATTISGARH,2001,19040,9846,28424,1128,88876
149,CHHATTISGARH,2002,17324,9012,25622,1014,86844
150,CHHATTISGARH,2003,15662,8422,24892,1024,87388
151,CHHATTISGARH,2004,18034,9432,28450,1134,96248
152,CHHATTISGARH,2005,18870,9156,30902,1228,100938
153,CHHATTISGARH,2006,25804,9460,29308,1354,103346
154,CHHATTISGARH,2007,26220,9458,29898,1362,104904
155,CHHATTISGARH,2008,31032,9842,33822,1604,117544
156,CHHATTISGARH,2009,32346,9904,32526,1832,116848
157,CHHATTISGARH,2010,34330,10338,32020,2136,124268
158,CHHATTISGARH,2011,35874,10478,29446,2450,128116
159,CHHATTISGARH,2012,34770,10484,28992,2296,122846
160,CHHATTISGARH,2013,35282,16746,28616,2304,131348
161,CHHATTISGARH,2014,72521,27979,57831,4805,263203
162,CHHATTISGARH,2015,73634,28585,57887,5131,268298
163,CHHATTISGARH,2016,75729,29054,57839,5566,269996
164,CHHATTISGARH,2017,75106,29671,58513,5856,276795
165,CHHATTISGARH,2018,77462,30120,59070,6301,286288
166,CHHATTISGARH,2019,79269,31309,59444,6654,293705
167,CHHATTISGARH,2020,79851,32406,59673,7009,300724
168,CHHATTISGARH,2021,82360,33566,59565,7569,309076
169,CHHATTISGARH,2022,84532,34529,59913,7961,320429
170,CHHATTISGARH,2023,85889,35716,60327,8668,331255
171,DADRA AND NAGAR HAVELI AND DAMAN AND DIU,2001,200,64,498,82,1378
172,DADRA AND NAGAR HAVELI AND DAMAN AND DIU,2002,192,48,726,74,1514
173,DADRA AND NAGAR HAVELI AND DAMAN AND DIU,2003,246,54,622,90,1456
174,DADRA AND NAGAR HAVELI AND DAMAN AND DIU,2004,296,72,442,86,1418
175,DADRA AND NAGAR HAVELI AND DAMAN AND DIU,2005,308,80,638,84,1650
176,DADRA AND NAGAR HAVELI AND DAMAN AND DIU,2006,312,98,736,114,1754
177,DADRA AND NAGAR HAVELI AND DAMAN AND DIU,2007,398,60,688,90,1666
178,DADRA AND NAGAR HAVELI AND DAMAN AND DIU,2008,334,80,614,84,1558
179,DADRA AND NAGAR HAVELI AND DAMAN AND DIU,2009,414,66,598,106,1678
180,DADRA AND NAGAR HAVELI AND DAMAN AND DIU,2010,310,82,566,80,1430
181,DADRA AND NAGAR HAVELI AND DAMAN AND DIU,2011,340,54,608,90,1458
182,DADRA AND NAGAR HAVELI AND DAMAN AND DIU,2012,296,60,604,56,1408
183,DADRA AND NAGAR HAVELI AND DAMAN AND DIU,2013,164,52,204,46,610
184,DADRA AND NAGAR HAVELI AND DAMAN AND DIU,2014,489,137,862,105,2100
185,DADRA AND NAGAR HAVELI AND DAMAN AND DIU,2015,525,159,914,99,2179
186,DADRA AND NAGAR HAVELI AND DAMAN AND DIU,2016,534,176,962,104,2241
187,DADRA AND NAGAR HAVELI AND DAMAN AND DIU,2017,552,193,1035,112,2334
188,DADRA AND NAGAR HAVELI AND DAMAN AND DIU,2018,575,220,1095,111,2438
189,DADRA AND NAGAR HAVELI AND DAMAN AND DIU,2019,616,234,1170,120,2579
190,DADRA AND NAGAR HAVELI AND DAMAN AND DIU,2020,650,259,1284,121,2756
191,DADRA AND NAGAR HAVELI AND DAMAN AND DIU,2021,684,283,1399,128,2951
192,DADRA AND NAGAR HAVELI AND DAMAN AND DIU,2022,725,303,1526,147,3188
193,DADRA AND NAGAR HAVELI AND DAMAN AND DIU,2023,770,320,1636,171,3401
194,DANDN HAVELI,2013,98,48,276,24,780
195,DANDN HAVELI,2014,101,53,280,27,820
196,DANDN HAVELI,2015,103,56,296,27,848
197,DANDN HAVELI,2016,108,55,305,30,889
198,DANDN HAVELI,2017,112,57,318,28,922
199,DANDN HAVELI,2018,113,56,333,30,966
200,DANDN HAVELI,2019,113,53,358,35,1016
201,DANDN HAVELI,2020,120,54,365,35,1035
202,DANDN HAVELI,2021,121,58,380,36,1035
203,DANDN HAVELI,2022,124,64,382,36,1045
204,DANDN HAVELI,2023,130,72,386,37,1054
205,DELHI,2001,8444,5138,84654,5408,151336
206,DELHI,2002,7966,5086,72452,5176,134976
207,DELHI,2003,7534,7424,67124,5106,129188
208,DELHI,2004,8074,8188,80978,5622,148754
209,DELHI,2005,8534,9696,77394,5616,152536
210,DELHI,2006,8186,10078,75402,5594,155052
211,DELHI,2007,7860,10646,73898,5656,150776
212,DELHI,2008,8674,8650,80718,3778,140500
213,DELHI,2009,8912,9374,91630,4760,149974
214,DELHI,2010,8978,9964,96680,4302,156190
215,DELHI,2011,9756,11530,95674,5942,161182
216,DELHI,2012,9242,13252,92856,5786,161990
217,DELHI,2013,13212,28978,128730,6704,236476
218,DELHI,2014,24958,46645,237455,14428,435890
219,DELHI,2015,25742,49547,240290,15205,445113
220,DELHI,2016,26496,52459,249571,16200,465180
221,DELHI,2017,27562,55778,251564,17095,477161
222,DELHI,2018,28010,58693,257465,18330,492757
223,DELHI,2019,29163,63042,260791,19587,510980
224,DELHI,2020,30545,68510,265565,20692,532542
225,DELHI,2021,32255,73872,267609,22692,550891
226,DELHI,2022,33625,79698,271361,24013,572635
227,DELHI,2023,35304,85875,274234,25060,592948
228,GOA,2001,1028,134,3086,206,5876
229,GOA,2002,1170,126,2794,216,5914
230,GOA,2003,1014,254,2422,338,5506
231,GOA,2004,1018,282,2580,220,5360
232,GOA,2005,992,206,2570,228,5302
233,GOA,2006,1088,182,2528,198,5470
234,GOA,2007,1104,180,2618,202,6010
235,GOA,2008,1268,292,3060,348,6818
236,GOA,2009,1198,374,4088,422,7886
237,GOA,2010,1198,320,4954,414,8776
238,GOA,2011,1316,270,5152,436,9242
239,GOA,2012,1518,430,4434,570,9204
240,GOA,2013,1706,996,5418,620,11288
241,GOA,2014,3421,1517,10058,1267,21286
242,GOA,2015,3641,1568,10433,1343,22257
243,GOA,2016,3944,1669,10637,1429,23112
244,GOA,2017,4199,1727,10930,1533,24077
245,GOA,2018,4409,1778,11475,1654,25265
246,GOA,2019,4616,1834,11805,1777,26260
247,GOA,2020,4788,1941,12457,1908,27680
248,GOA,2021,5046,2066,12851,2074,28905
249,GOA,2022,5464,2165,13659,2205,30848
250,GOA,2023,5958,2293,14139,2375,32872
251,GUJARAT,2001,41648,12060,76294,7164,241074
252,GUJARAT,2002,46174,11156,77450,5776,247398
253,GUJARAT,2003,39764,11766,92142,8246,248586
254,GUJARAT,2004,39650,13034,88882,6920,250984
255,GUJARAT,2005,36270,13216,85046,6716,265732
256,GUJARAT,2006,37244,15108,87504,5942,281858
257,GUJARAT,2007,39054,17064,85096,5082,285974
258,GUJARAT,2008,39338,17876,96150,5048,292440
259,GUJARAT,2009,36296,16798,91006,5016,273266
260,GUJARAT,2010,39284,17006,78494,4942,270176
261,GUJARAT,2011,39434,18360,76416,5988,282934
262,GUJARAT,2012,39570,19980,76542,5634,296532
263,GUJARAT,2013,40054,25710,74682,5280,352292
264,GUJARAT,2014,81435,48212,153833,11576,667528
265,GUJARAT,2015,85040,50123,154229,12094,696515
266,GUJARAT,2016,87007,52475,154134,12559,725166
267,GUJARAT,2017,88837,54124,154436,13270,741533
268,GUJARAT,2018,93367,56173,155251,14174,758513
269,GUJARAT,2019,97779,58900,155146,15102,779906
270,GUJARAT,2020,100616,62385,156765,15755,806808
271,GUJARAT,2021,105489,66545,158494,16978,838354
272,GUJARAT,2022,109891,69857,164008,18207,875452
273,GUJARAT,2023,112745,75245,168031,19242,923366
274,HARYANA,2001,16718,7540,31916,3218,91446
275,HARYANA,2002,16244,9422,31050,3088,93804
276,HARYANA,2003,15124,8926,29394,3032,89888
277,HARYANA,2004,15500,9188,32686,3310,92926
278,HARYANA,2005,17156,9060,42882,3594,104622
279,HARYANA,2006,20014,10266,51550,4418,124540
280,HARYANA,2007,20162,10074,54464,3982,127866
281,HARYANA,2008,19146,11366,61198,3906,139076
282,HARYANA,2009,18584,11638,62080,4536,141330
283,HARYANA,2010,19300,12428,76212,5220,154138
284,HARYANA,2011,18710,12316,81684,5182,159716
285,HARYANA,2012,18160,13180,82800,5116,164174
286,HARYANA,2013,24050,19968,88766,5520,188922
287,HARYANA,2014,44272,35514,184994,11157,372221
288,HARYANA,2015,44725,36364,197320,11487,388277
289,HARYANA,2016,44849,37769,210745,11884,404624
290,HARYANA,2017,46333,39601,228125,12348,427208
291,HARYANA,2018,46808,41011,242673,12912,444501
292,HARYANA,2019,47508,43443,258641,13785,464579
293,HARYANA,2020,48918,46167,277010,14768,491145
294,HARYANA,2021,50630,48548,298008,15615,518736
295,HARYANA,2022,52829,51242,321790,16387,549769
296,HARYANA,2023,55186,53788,349454,17777,585878
297,HIMACHAL PRADESH,2001,5706,2008,4152,434,24698
298,HIMACHAL PRADESH,2002,5924,1936,3714,424,26164
299,HIMACHAL PRADESH,2003,5588,1686,3976,392,25754
300,HIMACHAL PRADESH,2004,5624,1930,4156,554,26490
301,HIMACHAL PRADESH,2005,5502,1858,4232,502,26600
302,HIMACHAL PRADESH,2006,5302,1806,4828,540,28296
303,HIMACHAL PRADESH,2007,5848,2346,6178,710,31288
304,HIMACHAL PRADESH,2008,5446,2266,6430,792,30872
305,HIMACHAL PRADESH,2009,5664,2256,4910,766,28942
306,HIMACHAL PRADESH,2010,5958,2374,4864,864,28482
307,HIMACHAL PRADESH,2011,5404,2326,6180,1012,31468
308,HIMACHAL PRADESH,2012,5178,2178,4954,1022,27362
309,HIMACHAL PRADESH,2013,5346,3444,5192,1238,30340
310,HIMACHAL PRADESH,2014,10662,5783,10199,2421,57794
311,HIMACHAL PRADESH,2015,10832,5967,10520,2578,59309
312,HIMACHAL PRADESH,2016,11074,6099,10816,2768,60619
313,HIMACHAL PRADESH,2017,11187,6254,10941,2992,61291
314,HIMACHAL PRADESH,2018,11541,6567,11435,3210,61879
315,HIMACHAL PRADESH,2019,11923,6766,11979,3459,63499
316,HIMACHAL PRADESH,2020,11858,6965,12453,3775,64672
317,HIMACHAL PRADESH,2021,12080,7278,13164,4094,65735
318,HIMACHAL PRADESH,2022,12539,7633,13689,4448,68603
319,HIMACHAL PRADESH,2023,12768,7944,14506,4855,70475
320,JAMMU AND KASHMIR,2001,9022,3630,10736,992,44398
321,JAMMU AND KASHMIR,2002,8542,4410,11132,986,45706
322,JAMMU AND KASHMIR,2003,8500,4738,11202,1090,48210
323,JAMMU AND KASHMIR,2004,8112,4826,10910,1102,48166
324,JAMMU AND KASHMIR,2005,7668,4684,10656,1098,45930
325,JAMMU AND KASHMIR,2006,6872,5350,10694,1242,47526
326,JAMMU AND KASHMIR,2007,6266,5614,11522,1282,49150
327,JAMMU AND KASHMIR,2008,6852,5016,11626,1004,47450
328,JAMMU AND KASHMIR,2009,6752,5700,13796,1288,51432
329,JAMMU AND KASHMIR,2010,8298,5700,12986,1182,53748
330,JAMMU AND KASHMIR,2011,6032,6836,13856,1692,57026
331,JAMMU AND KASHMIR,2012,6110,7250,11052,1584,56052
332,JAMMU AND KASHMIR,2013,6962,7766,10408,1542,57226
333,JAMMU AND KASHMIR,2014,13652,15999,21789,3433,119362
334,JAMMU AND KASHMIR,2015,14118,16973,21717,3794,125568
335,JAMMU AND KASHMIR,2016,14482,18102,21497,4077,133421
336,JAMMU AND KASHMIR,2017,14744,19346,21457,4308,140757
337,JAMMU AND KASHMIR,2018,15117,20450,21930,4581,148508
338,JAMMU AND KASHMIR,2019,15430,21600,22255,4955,155443
339,JAMMU AND KASHMIR,2020,16086,23014,22441,5327,163236
340,JAMMU AND KASHMIR,2021,16635,24483,22983,5689,171513
341,JAMMU AND KASHMIR,2022,17229,26509,23817,6041,183783
342,JAMMU AND KASHMIR,2023,17909,28484,24403,6625,195896
343,JHARKHAND,2001,15984,4836,20502,1720,60564
344,JHARKHAND,2002,17618,6170,23164,1560,74156
345,JHARKHAND,2003,19414,5866,22762,1498,75114
346,JHARKHAND,2004,17618,6170,23164,1560,74156
347,JHARKHAND,2005,21592,5938,30746,1810,85488
348,JHARKHAND,2006,21212,6840,30268,2372,87942
349,JHARKHAND,2007,22620,7410,34024,2562,94394
350,JHARKHAND,2008,21278,7062,34280,2386,95076
351,JHARKHAND,2009,24300,6650,36138,2796,93396
352,JHARKHAND,2010,24622,6874,33200,3018,95460
353,JHARKHAND,2011,23756,6998,29908,2752,87882
354,JHARKHAND,2012,24904,8540,30774,4438,98988
355,JHARKHAND,2013,28494,12538,31680,6936,115044
356,JHARKHAND,2014,55413,21994,63059,12289,221987
357,JHARKHAND,2015,57371,23347,63096,13248,229019
358,JHARKHAND,2016,59192,24401,63880,14299,239040
359,JHARKHAND,2017,61573,26184,65420,15271,251207
360,JHARKHAND,2018,64741,27954,66293,16970,266216
361,JHARKHAND,2019,67153,29767,68305,18509,277967
362,JHARKHAND,2020,69813,31799,69749,20035,290322
363,JHARKHAND,2021,73774,34357,71921,21433,310175
364,JHARKHAND,2022,78117,36534,73764,23417,328527
365,JHARKHAND,2023,82333,39803,76481,24973,347707
366,KARNATAKA,2001,67518,9156,66382,6606,245636
367,KARNATAKA,2002,67194,9382,70664,6848,256908
368,KARNATAKA,2003,62378,8906,71122,6746,254874
369,KARNATAKA,2004,62518,8414,79178,6494,262832
370,KARNATAKA,2005,61952,9596,83062,6952,271040
371,KARNATAKA,2006,60056,10444,75134,7040,267148
372,KARNATAKA,2007,57582,11752,71768,8248,272146
373,KARNATAKA,2008,59406,12386,88062,8422,293128
374,KARNATAKA,2009,61904,14254,100450,11422,312038
375,KARNATAKA,2010,69198,16148,97532,12398,328750
376,KARNATAKA,2011,67910,17334,97080,12790,318930
377,KARNATAKA,2012,66842,18648,91164,12614,309022
378,KARNATAKA,2013,68472,22044,96914,14282,318622
379,KARNATAKA,2014,138312,43464,188483,26878,639058
380,KARNATAKA,2015,139180,45465,193921,27395,647428
381,KARNATAKA,2016,142828,48353,190449,28926,649504
382,KARNATAKA,2017,148296,51114,192650,30709,663634
383,KARNATAKA,2018,155427,54954,191581,30338,672963
384,KARNATAKA,2019,159898,59509,191627,31050,687197
385,KARNATAKA,2020,164657,63842,195183,32328,704496
386,KARNATAKA,2021,168752,67649,197495,33562,718585
387,KARNATAKA,2022,176515,72671,201850,35593,740189
388,KARNATAKA,2023,183494,77717,203128,36712,766915
389,KERALA,2001,59448,11664,32124,6846,220066
390,KERALA,2002,57794,12334,33722,6832,221208
391,KERALA,2003,52364,11736,29972,7026,208596
392,KERALA,2004,57810,13496,31686,8380,219954
393,KERALA,2005,52374,13806,31814,7402,221016
394,KERALA,2006,53944,15804,32104,7366,223162
395,KERALA,2007,55584,16226,32930,9326,229812
396,KERALA,2008,57524,16948,33384,8280,234518
397,KERALA,2009,55680,16542,31780,7628,249514
398,KERALA,2010,57538,19488,24746,7956,307176
399,KERALA,2011,69408,24412,26932,11102,356544
400,KERALA,2012,68370,23466,23904,10100,328734
401,KERALA,2013,66022,24468,24396,10518,363772
402,KERALA,2014,155046,54175,57273,23311,799410
403,KERALA,2015,160815,58326,57226,24558,835194
404,KERALA,2016,169103,61935,57887,25618,894758
405,KERALA,2017,177889,65835,59234,27475,956779
406,KERALA,2018,184848,70392,59926,28958,1022958
407,KERALA,2019,197187,76218,60720,31093,1117609
408,KERALA,2020,209069,81751,62142,33478,1208790
409,KERALA,2021,217784,88828,64130,36826,1293008
410,KERALA,2022,229040,96004,66333,39644,1426484
411,KERALA,2023,245125,103381,69170,42586,1548056
412,LAKSHADWEEP,2001,10,0,42,2,92
413,LAKSHADWEEP,2002,48,6,66,0,132
414,LAKSHADWEEP,2003,14,12,44,0,82
415,LAKSHADWEEP,2004,86,2,24,2,150
416,LAKSHADWEEP,2005,22,0,32,0,98
417,LAKSHADWEEP,2006,38,2,72,0,194
418,LAKSHADWEEP,2007,8,12,84,0,154
419,LAKSHADWEEP,2008,54,12,38,0,212
420,LAKSHADWEEP,2009,120,4,48,0,290
421,LAKSHADWEEP,2010,8,0,30,0,94
422,LAKSHADWEEP,2011,18,0,16,2,96
423,LAKSHADWEEP,2012,26,4,34,0,134
424,LAKSHADWEEP,2013,18,10,36,2,100
425,LAKSHADWEEP,2014,49,17,70,5,247
426,LAKSHADWEEP,2015,49,28,73,8,267
427,LAKSHADWEEP,2016,54,40,82,14,296
428,LAKSHADWEEP,2017,65,46,93,19,322
429,LAKSHADWEEP,2018,72,55,98,25,354
430,LAKSHADWEEP,2019,78,66,101,25,378
431,LAKSHADWEEP,2020,72,70,112,28,390
432,LAKSHADWEEP,2021,74,77,119,25,405
433,LAKSHADWEEP,2022,80,76,122,24,415
434,LAKSHADWEEP,2023,87,76,129,31,441
435,MADHYA PRADESH,2001,92934,34710,112270,3826,411622
436,MADHYA PRADESH,2002,91660,36226,113938,3602,432826
437,MADHYA PRADESH,2003,88188,34446,111200,3618,430250
438,MADHYA PRADESH,2004,97458,36030,118574,3742,446320
439,MADHYA PRADESH,2005,99360,34790,108792,3912,427250
440,MADHYA PRADESH,2006,100642,34350,112936,4158,440304
441,MADHYA PRADESH,2007,107238,36618,116498,4460,457428
442,MADHYA PRADESH,2008,107340,35606,125512,3970,470010
443,MADHYA PRADESH,2009,109406,37428,119448,4864,470112
444,MADHYA PRADESH,2010,115374,39034,110380,4638,480336
445,MADHYA PRADESH,2011,108952,39830,114490,4858,488404
446,MADHYA PRADESH,2012,108416,40286,117114,5256,496488
447,MADHYA PRADESH,2013,109876,52604,126450,4318,520374
448,MADHYA PRADESH,2014,223957,95889,247745,9981,1048385
449,MADHYA PRADESH,2015,230800,99242,252944,10333,1079689
450,MADHYA PRADESH,2016,231696,102597,257949,10728,1118379
451,MADHYA PRADESH,2017,235571,106259,265743,11217,1162116
452,MADHYA PRADESH,2018,237004,110391,272313,11928,1195414
453,MADHYA PRADESH,2019,241488,113807,280728,12463,1247133
454,MADHYA PRADESH,2020,249705,118555,288883,12871,1299625
455,MADHYA PRADESH,2021,256948,124037,294490,13632,1329272
456,MADHYA PRADESH,2022,266932,129259,302640,14471,1399534
457,MADHYA PRADESH,2023,278491,136975,312714,15528,1465714
458,MAHARASHTRA,2001,103856,27114,195802,12160,426772
459,MAHARASHTRA,2002,101936,24930,185276,11578,410746
460,MAHARASHTRA,2003,100460,24650,181894,13654,407196
461,MAHARASHTRA,2004,103304,26432,211472,13826,445374
462,MAHARASHTRA,2005,105246,29324,225352,16992,473234
463,MAHARASHTRA,2006,108232,31020,224766,16554,482044
464,MAHARASHTRA,2007,111738,32012,229720,16440,492302
465,MAHARASHTRA,2008,116586,34086,251680,19162,524080
466,MAHARASHTRA,2009,110540,32418,244164,20698,506594
467,MAHARASHTRA,2010,116860,33980,253062,22042,527680
468,MAHARASHTRA,2011,116912,33988,257048,22664,523442
469,MAHARASHTRA,2012,115564,35582,237328,23178,507196
470,MAHARASHTRA,2013,123014,55252,269020,25326,585516
471,MAHARASHTRA,2014,249524,95002,540832,54741,1158474
472,MAHARASHTRA,2015,256650,97232,545234,57916,1181319
473,MAHARASHTRA,2016,263042,100626,558248,59922,1208545
474,MAHARASHTRA,2017,269626,103892,562376,61691,1231465
475,MAHARASHTRA,2018,277214,108823,568110,64654,1259626
476,MAHARASHTRA,2019,285095,112041,582129,69144,1287714
477,MAHARASHTRA,2020,295297,116644,592819,72368,1319972
478,MAHARASHTRA,2021,304657,120691,603866,76222,1355253
479,MAHARASHTRA,2022,310291,126325,628114,81659,1406155
480,MAHARASHTRA,2023,320100,133976,651544,85050,1460036
481,MANIPUR,2001,1482,256,1130,238,5640
482,MANIPUR,2002,1618,356,1142,224,6020
483,MANIPUR,2003,1548,310,1162,198,5854
484,MANIPUR,2004,1606,330,1122,342,5876
485,MANIPUR,2005,1744,328,1120,368,6574
486,MANIPUR,2006,1746,422,1344,262,6688
487,MANIPUR,2007,2174,416,2276,232,7766
488,MANIPUR,2008,2158,498,2376,376,8018
489,MANIPUR,2009,1828,450,2096,234,6872
490,MANIPUR,2010,1356,448,2196,180,6730
491,MANIPUR,2011,1490,600,3304,360,8318
492,MANIPUR,2012,1836,704,4082,410,9852
493,MANIPUR,2013,1344,714,3864,396,8570
494,MANIPUR,2014,3758,1669,9033,993,21664
495,MANIPUR,2015,3858,1837,9948,1122,23282
496,MANIPUR,2016,4056,2036,10965,1252,25136
497,MANIPUR,2017,4305,2281,11891,1379,27036
498,MANIPUR,2018,4613,2491,13120,1517,29300
499,MANIPUR,2019,4861,2706,14446,1636,31565
500,MANIPUR,2020,5206,2952,15861,1846,34414
501,MANIPUR,2021,5472,3211,17486,2123,37491
502,MANIPUR,2022,5811,3557,19449,2370,40980
503,MANIPUR,2023,6175,3941,21600,2658,44873
504,MEGHALAYA,2001,698,184,1874,102,4078
505,MEGHALAYA,2002,752,218,2226,100,4292
506,MEGHALAYA,2003,888,216,2194,100,4236
507,MEGHALAYA,2004,810,334,2304,142,4556
508,MEGHALAYA,2005,946,386,2554,120,4934
509,MEGHALAYA,2006,1000,498,2412,212,5072
510,MEGHALAYA,2007,960,506,2630,386,5426
511,MEGHALAYA,2008,1106,586,3268,292,6262
512,MEGHALAYA,2009,1176,696,2738,296,6322
513,MEGHALAYA,2010,1130,814,3208,278,6778
514,MEGHALAYA,2011,1300,794,3298,462,7336
515,MEGHALAYA,2012,1264,824,2660,330,6712
516,MEGHALAYA,2013,1798,1044,3082,476,8396
517,MEGHALAYA,2014,3205,1975,5897,828,15754
518,MEGHALAYA,2015,3323,2112,6016,863,16130
519,MEGHALAYA,2016,3491,2274,6237,915,16911
520,MEGHALAYA,2017,3655,2480,6365,946,17638
521,MEGHALAYA,2018,3866,2711,6511,1007,18398
522,MEGHALAYA,2019,4056,2885,6662,1083,19147
523,MEGHALAYA,2020,4330,3143,6882,1159,20230
524,MEGHALAYA,2021,4654,3442,7132,1216,21281
525,MEGHALAYA,2022,5036,3801,7354,1291,22524
526,MEGHALAYA,2023,5441,4147,7711,1376,24037
527,MIZORAM,2001,446,352,4398,212,6356
528,MIZORAM,2002,524,460,4912,254,7804
529,MIZORAM,2003,590,402,6238,182,9642
530,MIZORAM,2004,320,212,2972,112,4320
531,MIZORAM,2005,420,262,4010,148,5966
532,MIZORAM,2006,442,394,3910,236,5818
533,MIZORAM,2007,542,468,4156,204,5956
534,MIZORAM,2008,600,476,3684,212,5644
535,MIZORAM,2009,586,464,3818,200,5800
536,MIZORAM,2010,668,524,4180,232,6196
537,MIZORAM,2011,538,472,3622,178,5276
538,MIZORAM,2012,598,604,3126,120,4964
539,MIZORAM,2013,514,532,3334,156,4896
540,MIZORAM,2014,1187,1227,6454,278,10045
541,MIZORAM,2015,1272,1336,6494,285,10300
542,MIZORAM,2016,1348,1467,6379,282,10383
543,MIZORAM,2017,1430,1600,6283,276,10445
544,MIZORAM,2018,1544,1746,6272,287,10637
545,MIZORAM,2019,1628,1903,6248,289,10782
546,MIZORAM,2020,1717,2054,6323,303,11092
547,MIZORAM,2021,1810,2192,6366,303,11353
548,MIZORAM,2022,1906,2401,6471,327,11793
549,MIZORAM,2023,2010,2643,6673,337,12328
550,NAGALAND,2001,448,92,1638,112,3064
551,NAGALAND,2002,476,78,1546,68,2830
552,NAGALAND,2003,488,76,1296,42,2498
553,NAGALAND,2004,436,88,1422,78,2560
554,NAGALAND,2005,436,100,1546,126,2772
555,NAGALAND,2006,570,114,1648,130,2968
556,NAGALAND,2007,584,82,1840,110,3140
557,NAGALAND,2008,632,130,1820,102,3220
558,NAGALAND,2009,372,130,1752,84,2960
559,NAGALAND,2010,338,110,1844,110,3044
560,NAGALAND,2011,388,118,1718,104,3000
561,NAGALAND,2012,416,136,1764,130,3038
562,NAGALAND,2013,574,194,1800,154,3386
563,NAGALAND,2014,1081,411,3729,311,6835
564,NAGALAND,2015,1185,486,3907,339,7282
565,NAGALAND,2016,1284,563,4041,379,7673
566,NAGALAND,2017,1366,643,4158,418,8082
567,NAGALAND,2018,1477,705,4334,463,8537
568,NAGALAND,2019,1598,759,4532,497,8997
569,NAGALAND,2020,1692,792,4652,534,9330
570,NAGALAND,2021,1815,831,4905,573,9854
571,NAGALAND,2022,1955,861,5133,622,10439
572,NAGALAND,2023,2138,939,5340,689,11113
573,ODISHA,2001,21314,11374,31032,1952,107190
574,ODISHA,2002,25322,10044,29282,2102,108420
575,ODISHA,2003,24228,10496,29524,2404,107684
576,ODISHA,2004,24800,10910,32232,2180,112004
577,ODISHA,2005,28014,13144,35494,2744,119736
578,ODISHA,2006,28190,12744,35506,3386,122096
579,ODISHA,2007,33938,13486,36590,3224,126884
580,ODISHA,2008,35064,16142,39310,3224,132390
581,ODISHA,2009,30898,16368,38280,2858,129658
582,ODISHA,2010,33196,17118,39906,2918,132144
583,ODISHA,2011,35908,18918,45126,3302,144504
584,ODISHA,2012,38994,23868,49608,3886,161174
585,ODISHA,2013,45224,27924,52150,5220,171928
586,ODISHA,2014,89197,55265,107951,9834,350578
587,ODISHA,2015,93838,58166,114382,10751,370273
588,ODISHA,2016,98090,63117,121525,11494,389534
589,ODISHA,2017,102812,67438,128740,11959,407426
590,ODISHA,2018,105965,72771,135257,13050,426710
591,ODISHA,2019,112183,79560,143895,13941,452728
592,ODISHA,2020,120000,86741,154870,15145,487343
593,ODISHA,2021,128796,95274,168890,16216,522402
594,ODISHA,2022,137508,105069,184771,17683,563515
595,ODISHA,2023,147199,115997,197657,19188,604414
596,PUDUCHERRY,2001,1938,174,2344,62,9218
597,PUDUCHERRY,2002,3122,234,2378,90,9958
598,PUDUCHERRY,2003,2916,210,2546,90,10208
599,PUDUCHERRY,2004,2728,208,2710,88,10536
600,PUDUCHERRY,2005,2602,222,2010,98,10106
601,PUDUCHERRY,2006,2798,296,2418,88,10548
602,PUDUCHERRY,2007,2810,344,3342,104,11740
603,PUDUCHERRY,2008,2656,250,2978,136,11404
604,PUDUCHERRY,2009,2686,188,3028,118,10642
605,PUDUCHERRY,2010,2502,192,2314,184,8978
606,PUDUCHERRY,2011,2590,170,3010,134,10176
607,PUDUCHERRY,2012,2576,118,2858,210,9942
608,PUDUCHERRY,2013,2200,176,2556,188,8816
609,PUDUCHERRY,2014,6015,448,6833,462,23710
610,PUDUCHERRY,2015,6032,489,6884,505,23635
611,PUDUCHERRY,2016,6029,524,6951,540,23796
612,PUDUCHERRY,2017,6096,552,7207,591,24088
613,PUDUCHERRY,2018,5936,599,7364,636,24171
614,PUDUCHERRY,2019,5850,634,7572,697,24453
615,PUDUCHERRY,2020,6052,683,7826,805,25209
616,PUDUCHERRY,2021,6034,745,8041,903,25440
617,PUDUCHERRY,2022,6243,800,8127,996,25872
618,PUDUCHERRY,2023,6299,877,8507,1102,26390
619,PUNJAB,2001,16430,5252,16416,6094,63216
620,PUNJAB,2002,17540,5096,16194,6256,65214
621,PUNJAB,2003,16608,5394,17490,7044,65596
622,PUNJAB,2004,17482,4608,14244,6204,58140
623,PUNJAB,2005,17400,4608,15992,6626,61872
624,PUNJAB,2006,20956,5218,20872,7480,74094
625,PUNJAB,2007,21880,6324,26458,7956,84490
626,PUNJAB,2008,21918,6194,28152,7012,84224
627,PUNJAB,2009,22856,6148,28120,6790,84744
628,PUNJAB,2010,21822,6678,28004,7690,86858
629,PUNJAB,2011,21812,6134,24926,7820,81654
630,PUNJAB,2012,20788,7662,27634,7578,85322
631,PUNJAB,2013,20102,11484,25550,8268,87428
632,PUNJAB,2014,43512,21027,56242,17171,185677
633,PUNJAB,2015,43819,22278,56590,17653,188313
634,PUNJAB,2016,44954,23313,58106,18358,194324
635,PUNJAB,2017,45400,24453,60418,19353,198476
636,PUNJAB,2018,45892,25661,61264,20348,204446
637,PUNJAB,2019,47184,27291,64149,21044,211930
638,PUNJAB,2020,48356,29115,66788,22074,220374
639,PUNJAB,2021,49916,31121,69661,22660,228403
640,PUNJAB,2022,50954,33341,73307,23197,239052
641,PUNJAB,2023,52849,35911,76786,24847,250805
642,RAJASTHAN,2001,95180,26212,84302,15518,351782
643,RAJASTHAN,2002,86408,25970,80202,16574,342398
644,RAJASTHAN,2003,80076,25442,79432,16370,330646
645,RAJASTHAN,2004,78824,27968,88744,18566,354246
646,RAJASTHAN,2005,70644,24848,83466,18084,323602
647,RAJASTHAN,2006,67516,27542,83256,21882,325872
648,RAJASTHAN,2007,66516,30568,89568,25600,343260
649,RAJASTHAN,2008,69246,31328,93056,25770,350596
650,RAJASTHAN,2009,71596,37328,101156,31876,386196
651,RAJASTHAN,2010,66652,39176,100710,34818,379674
652,RAJASTHAN,2011,64582,43002,95070,36588,383450
653,RAJASTHAN,2012,64190,45910,104300,40754,399108
654,RAJASTHAN,2013,69856,62038,129648,46936,466846
655,RAJASTHAN,2014,144924,117228,256779,97239,926321
656,RAJASTHAN,2015,144801,123889,259678,102864,939033
657,RAJASTHAN,2016,148217,130895,267919,108894,971767
658,RAJASTHAN,2017,151377,137635,274941,113327,1000522
659,RAJASTHAN,2018,152156,144538,285064,118637,1024675
660,RAJASTHAN,2019,156460,150187,290339,128079,1048691
661,RAJASTHAN,2020,157857,157774,299754,137106,1076875
662,RAJASTHAN,2021,161264,166167,313071,143029,1104705
663,RAJASTHAN,2022,166655,172811,324849,153955,1144668
664,RAJASTHAN,2023,169190,183495,341812,166678,1194162
665,SIKKIM,2001,180,64,454,28,1064
666,SIKKIM,2002,196,68,398,102,1128
667,SIKKIM,2003,236,92,366,44,1036
668,SIKKIM,2004,426,102,430,54,1424
669,SIKKIM,2005,430,160,506,100,1308
670,SIKKIM,2006,412,134,638,96,1688
671,SIKKIM,2007,388,154,650,88,1636
672,SIKKIM,2008,392,136,686,104,1762
673,SIKKIM,2009,472,116,442,36,1510
674,SIKKIM,2010,336,114,372,48,1258
675,SIKKIM,2011,404,140,418,76,1388
676,SIKKIM,2012,388,204,610,70,1378
677,SIKKIM,2013,560,272,670,64,2064
678,SIKKIM,2014,996,552,1358,149,3657
679,SIKKIM,2015,1030,598,1469,170,3894
680,SIKKIM,2016,1057,663,1594,190,4137
681,SIKKIM,2017,1125,733,1714,222,4376
682,SIKKIM,2018,1178,812,1847,251,4691
683,SIKKIM,2019,1240,917,1993,259,4988
684,SIKKIM,2020,1282,1021,2111,293,5279
685,SIKKIM,2021,1336,1124,2350,324,5720
686,SIKKIM,2022,1423,1253,2558,367,6191
687,SIKKIM,2023,1544,1426,2832,401,6799
688,TAMIL NADU,2001,93348,10516,80438,5206,345770
689,TAMIL NADU,2002,88392,13344,87794,4852,374464
690,TAMIL NADU,2003,94570,12850,83854,4548,353670
691,TAMIL NADU,2004,95120,13064,79594,4858,371248
692,TAMIL NADU,2005,94382,12438,71900,5946,359622
693,TAMIL NADU,2006,60646,10196,62302,4746,327972
694,TAMIL NADU,2007,70594,13484,61534,5690,375528
695,TAMIL NADU,2008,81124,13680,69430,6358,387600
696,TAMIL NADU,2009,77978,11444,73840,6248,384742
697,TAMIL NADU,2010,88032,13228,71590,7496,405334
698,TAMIL NADU,2011,91896,13984,69748,8770,418928
699,TAMIL NADU,2012,93058,14236,60926,9580,430304
700,TAMIL NADU,2013,89292,15070,62698,10410,436462
701,TAMIL NADU,2014,195412,31599,128101,21855,924518
702,TAMIL NADU,2015,205503,33959,128845,23288,960272
703,TAMIL NADU,2016,209312,35926,129993,25294,998289
704,TAMIL NADU,2017,220051,38521,130788,27410,1049683
705,TAMIL NADU,2018,232276,41401,133480,29959,1111827
706,TAMIL NADU,2019,246406,43916,137329,32379,1162346
707,TAMIL NADU,2020,260177,47284,143360,35985,1236930
708,TAMIL NADU,2021,272530,51479,147704,40454,1293526
709,TAMIL NADU,2022,295855,56016,152215,46354,1360206
710,TAMIL NADU,2023,310927,60305,159732,50693,1445899
711,TRIPURA,2001,1928,1080,1610,54,6510
712,TRIPURA,2002,2216,1288,1634,78,7162
713,TRIPURA,2003,2784,1302,1648,62,8100
714,TRIPURA,2004,2180,1660,1522,126,7200
715,TRIPURA,2005,2278,2004,1806,214,7856
716,TRIPURA,2006,2496,2306,2112,238,9252
717,TRIPURA,2007,2564,2448,2190,274,9908
718,TRIPURA,2008,3492,3238,2654,314,12370
719,TRIPURA,2009,3726,3410,2290,364,12424
720,TRIPURA,2010,4040,3828,2436,362,13228
721,TRIPURA,2011,4004,3122,2552,324,13312
722,TRIPURA,2012,4226,3576,2872,322,14394
723,TRIPURA,2013,4164,3720,2686,544,14240
724,TRIPURA,2014,8633,7535,5796,888,29542
725,TRIPURA,2015,8939,7603,6006,893,30161
726,TRIPURA,2016,9438,7620,6120,895,31236
727,TRIPURA,2017,9809,7896,6371,933,32431
728,TRIPURA,2018,10371,8114,6673,954,33749
729,TRIPURA,2019,10631,8236,6976,963,34840
730,TRIPURA,2020,11311,8392,7162,982,36344
731,TRIPURA,2021,11929,8583,7504,999,37817
732,TRIPURA,2022,12658,8952,7993,1048,39465
733,TRIPURA,2023,13450,9348,8234,1094,41070
734,UTTAR PRADESH,2001,106416,43632,134402,17880,422856
735,UTTAR PRADESH,2002,87594,33464,108830,15782,346602
736,UTTAR PRADESH,2003,54548,26674,76038,9766,227886
737,UTTAR PRADESH,2004,77126,32722,106858,13498,314878
738,UTTAR PRADESH,2005,74720,30950,96740,14682,293950
739,UTTAR PRADESH,2006,73106,33982,95598,15858,304160
740,UTTAR PRADESH,2007,75216,43578,106754,24750,358400
741,UTTAR PRADESH,2008,81128,50118,119592,28086,404482
742,UTTAR PRADESH,2009,82922,49400,132842,26202,419904
743,UTTAR PRADESH,2010,85160,43186,140366,27592,426432
744,UTTAR PRADESH,2011,94116,49020,165394,27864,484720
745,UTTAR PRADESH,2012,95532,49992,168976,29112,492620
746,UTTAR PRADESH,2013,99582,68562,189676,31874,565254
747,UTTAR PRADESH,2014,200473,124436,376138,64361,1104859
748,UTTAR PRADESH,2015,207752,127923,401000,66750,1160600
749,UTTAR PRADESH,2016,216219,133059,418792,68920,1195488
750,UTTAR PRADESH,2017,224581,139323,441896,71676,1248557
751,UTTAR PRADESH,2018,233530,144137,472130,74889,1313734
752,UTTAR PRADESH,2019,243172,152111,503694,80065,1396216
753,UTTAR PRADESH,2020,254630,161123,534389,83063,1472404
754,UTTAR PRADESH,2021,269116,172509,576458,85668,1568717
755,UTTAR PRADESH,2022,282795,184186,621575,90578,1669467
756,UTTAR PRADESH,2023,297958,200230,663700,95827,1782748
757,UTTARAKHAND,2001,4948,1636,7194,986,19498
758,UTTARAKHAND,2002,4570,1916,6998,930,19256
759,UTTARAKHAND,2003,4352,1984,6964,1050,19138
760,UTTARAKHAND,2004,5016,2194,7926,1084,21118
761,UTTARAKHAND,2005,4694,1830,7976,1124,19998
762,UTTARAKHAND,2006,5246,2362,8104,1246,20934
763,UTTARAKHAND,2007,5372,2406,7918,1798,23124
764,UTTARAKHAND,2008,5352,2470,7658,1330,21624
765,UTTARAKHAND,2009,5970,2584,7572,1486,21578
766,UTTARAKHAND,2010,5642,2380,9524,1534,23570
767,UTTARAKHAND,2011,5164,2238,9442,1320,22620
768,UTTARAKHAND,2012,5404,2406,8786,1376,22480
769,UTTARAKHAND,2013,5210,3868,7204,1454,24804
770,UTTARAKHAND,2014,10794,6380,17006,2931,49112
771,UTTARAKHAND,2015,11001,6520,17898,2974,50939
772,UTTARAKHAND,2016,11105,6808,18584,3003,52638
773,UTTARAKHAND,2017,11340,7105,19492,2965,54610
774,UTTARAKHAND,2018,11590,7355,20605,3021,57115
775,UTTARAKHAND,2019,11940,7696,21600,3183,60092
776,UTTARAKHAND,2020,12327,8047,22938,3306,63166
777,UTTARAKHAND,2021,12749,8456,24163,3340,67016
778,UTTARAKHAND,2022,13358,8917,25838,3508,70706
779,UTTARAKHAND,2023,13831,9437,27447,3628,74689
780,WEST BENGAL,2001,25264,14484,60542,3608,154784
781,WEST BENGAL,2002,23410,15106,53280,3728,146002
782,WEST BENGAL,2003,25416,18680,54532,4130,151382
783,WEST BENGAL,2004,27414,24680,62334,4472,172980
784,WEST BENGAL,2005,27848,26960,53690,4790,162846
785,WEST BENGAL,2006,32794,28842,55062,5202,167340
786,WEST BENGAL,2007,39838,37076,59232,6410,197510
787,WEST BENGAL,2008,49984,46084,73964,7924,254696
788,WEST BENGAL,2009,58958,51064,72568,8738,270510
789,WEST BENGAL,2010,60754,56650,81878,8970,309322
790,WEST BENGAL,2011,60144,62564,90564,11284,342582
791,WEST BENGAL,2012,70372,65262,96832,14086,383162
792,WEST BENGAL,2013,73442,62592,96400,16194,397394
793,WEST BENGAL,2014,152177,134756,201858,32684,838435
794,WEST BENGAL,2015,161394,139822,216419,35425,895440
795,WEST BENGAL,2016,171010,146777,228175,38600,949782
796,WEST BENGAL,2017,178774,157194,247798,40913,1026302
797,WEST BENGAL,2018,189488,165496,263104,43806,1099389
798,WEST BENGAL,2019,200547,176649,283980,48663,1183909
799,WEST BENGAL,2020,216264,189851,302957,52816,1272762
800,WEST BENGAL,2021,233810,202940,322178,56559,1393127
801,WEST BENGAL,2022,253544,218523,347076,63318,1525561
802,WEST BENGAL,2023,275966,237036,370992,69850,1671782
