,sr_no_x,state_ut,working_judges,incharge_courts,link_courts,total_courts,empty_courts,invalid_jocode_count,courts_closed_cases_pending,court_vacancy_rate_pct,judges_per_court,temporary_court_ratio_pct,sr_no_y,total_districts,court_complexes,total_establishments,total_cases_db,total_orders,orders_not_uploaded,cases_per_establishment,orders_per_establishment,orders_not_uploaded_pct,cases_per_district
0,1,ANDAMAN AND NICOBAR,9,0,0,9,12,7,0,133.33333333333331,1.0,0.0,1,4,4,4,52458,80417,83,13114.5,20104.25,0.10321200741136825,13114.5
1,2,ANDHRA PRADESH,529,114,4,647,657,1,2  (3 ),101.54559505409581,0.8176197836166924,18.238021638330757,2,13,194,365,5465534,3426787,1152394,14974.065753424658,9388.457534246576,33.62899415691725,420425.6923076923
2,3,ARUNACHAL PRADESH,15,3,1,19,15,0,4  (33 ),78.94736842105263,0.7894736842105263,21.052631578947366,3,28,18,15,29180,61437,8929,1945.3333333333333,4095.8,14.533587251981706,1042.142857142857
3,4,ASSAM,375,27,1,403,527,0,2  (10 ),130.76923076923077,0.9305210918114144,6.9478908188585615,4,34,80,201,2838067,2171919,956846,14119.73631840796,10805.567164179105,44.05532618849966,83472.55882352941
4,5,BIHAR,1450,618,2,2070,3053,0,87  (1605 ),147.48792270531402,0.7004830917874396,29.951690821256037,5,38,83,268,9376541,4877721,1061233,34987.09328358209,18200.451492537315,21.756738444039748,246751.07894736843
5,6,CHANDIGARH,30,0,0,30,50,0,0,166.66666666666669,1.0,0.0,6,1,1,3,560386,4572745,117895,186795.33333333334,1524248.3333333333,2.5782106808929868,560386.0
6,7,CHHATTISGARH,457,21,4,482,521,0,30  (59 ),108.09128630705393,0.9481327800829875,5.186721991701245,7,25,93,204,3602390,1566008,2219910,17658.774509803923,7676.509803921569,141.75598081235856,144095.6
7,8,DELHI,682,36,0,718,746,0,9  (54 ),103.89972144846797,0.9498607242339833,5.013927576601671,8,11,12,51,7203426,26728813,3143672,141243.64705882352,524094.3725490196,11.761360296845206,654856.9090909091
8,10,GOA,44,19,0,63,73,0,0,115.87301587301589,0.6984126984126984,30.158730158730158,9,2,16,15,557343,375201,208755,37156.2,25013.4,55.638177936625965,278671.5
9,11,GUJARAT,1045,59,0,1104,1220,0,4  (4 ),110.5072463768116,0.9465579710144928,5.344202898550725,10,33,338,467,19590391,16234191,2700268,41949.44539614561,34762.721627408995,16.633215661932276,593648.2121212122
10,12,HARYANA,474,12,0,486,782,0,12  (21 ),160.90534979423867,0.9753086419753086,2.4691358024691357,11,22,60,152,9728677,76374188,1284603,64004.45394736842,502461.7631578947,1.681985803894897,442212.5909090909
11,13,HIMACHAL PRADESH,141,3,0,144,282,0,9  (38 ),195.83333333333331,0.9791666666666666,2.083333333333333,12,12,53,126,4461669,3697991,3191593,35410.07142857143,29349.134920634922,86.30613216743902,371805.75
12,14,JAMMU AND KASHMIR,199,21,3,223,400,0,1  (24 ),179.37219730941706,0.8923766816143498,10.762331838565023,13,20,83,169,1955214,386222,1175594,11569.313609467456,2285.337278106509,304.38297145165217,97760.7
13,15,JHARKHAND,424,124,5,553,828,0,22  (51 ),149.72875226039784,0.7667269439421338,23.32730560578662,14,24,24,132,3744494,1916591,1898457,28367.378787878788,14519.628787878788,99.05384090815411,156020.58333333334
14,16,KARNATAKA,987,145,3,1135,1210,0,3  (3 ),106.6079295154185,0.8696035242290749,13.039647577092511,15,31,206,547,24255261,32164463,49866,44342.34186471663,58801.57769652651,0.15503445526200763,782427.7741935484
15,17,KERALA,563,17,2,582,795,35,20  (21 ),136.5979381443299,0.9673539518900344,3.264604810996564,16,14,192,600,11942386,3097553,6924536,19903.976666666666,5162.588333333333,223.54858819203417,853027.5714285715
16,18,LADAKH,7,2,0,9,14,4,0,155.55555555555557,0.7777777777777778,22.22222222222222,17,2,6,10,11985,5006,5962,1198.5,500.6,119.09708349980023,5992.5
17,19,LAKSHADWEEP,3,0,0,3,5,0,0,166.66666666666669,1.0,0.0,18,1,3,6,797,251,30,132.83333333333334,41.833333333333336,11.952191235059761,797.0
18,20,MADHYA PRADESH,1788,30,7,1825,2190,0,50  (237 ),120.0,0.9797260273972602,2.0273972602739727,19,51,237,277,17197377,7619298,7722627,62084.393501805054,27506.49097472924,101.35614855856801,337203.4705882353
19,21,MAHARASHTRA,2192,96,19,2307,3173,0,18  (79 ),137.53792804508018,0.9501517121803208,4.984828781967924,20,43,509,714,31720748,20758219,9208921,44426.817927170865,29073.135854341737,44.36277023573169,737691.8139534884
20,22,MANIPUR,38,8,0,46,43,0,0,93.47826086956522,0.8260869565217391,17.391304347826086,21,9,22,38,205690,38132,175409,5412.894736842105,1003.4736842105264,460.0047204447708,22854.444444444445
21,23,MEGHALAYA,65,1,1,67,159,4,5  (21 ),237.3134328358209,0.9701492537313433,2.9850746268656714,22,14,18,61,124069,274167,88792,2033.9180327868853,4494.540983606557,32.38610044243107,8862.07142857143
22,24,MIZORAM,40,0,1,41,51,0,7  (290 ),124.39024390243902,0.975609756097561,2.4390243902439024,23,3,12,26,48372,7778,34931,1860.4615384615386,299.15384615384613,449.1000257135511,16124.0
23,25,NAGALAND,16,9,1,26,30,0,0,115.38461538461537,0.6153846153846154,38.46153846153847,24,11,12,34,10793,5104,1892,317.44117647058823,150.11764705882354,37.06896551724138,981.1818181818181
24,26,ODISHA,678,28,0,706,762,0,41  (129 ),107.93201133144477,0.9603399433427762,3.9660056657223794,25,30,155,315,4790846,1773901,1376219,15209.03492063492,5631.431746031746,77.5814997567508,159694.86666666667
25,27,PUDUCHERRY,27,8,0,35,34,0,0,97.14285714285714,0.7714285714285715,22.857142857142858,26,4,4,15,294699,116268,167839,19646.6,7751.2,144.3552826229057,73674.75
26,28,PUNJAB,640,13,3,656,1165,0,15  (29 ),177.59146341463415,0.975609756097561,2.4390243902439024,27,22,69,200,8643601,88520924,1197953,43218.005,442604.62,1.35329924933906,392890.95454545453
27,29,RAJASTHAN,1157,402,37,1596,2190,0,18  (22 ),137.21804511278194,0.724937343358396,27.506265664160402,28,44,336,1097,16027442,2405334,10539211,14610.247948951686,2192.6472196900636,438.15998110865274,364260.04545454547
28,30,SIKKIM,13,26,0,39,80,0,0,205.1282051282051,0.3333333333333333,66.66666666666666,29,6,10,30,60044,341141,6254,2001.4666666666667,11371.366666666667,1.8332595612957692,10007.333333333334
29,31,TAMIL NADU,1138,227,6,1371,1377,0,8  (617 ),100.43763676148797,0.8300510576221736,16.99489423778264,30,38,273,827,17483136,8210601,10106311,21140.430471584037,9928.175332527208,123.08856562388064,460082.5263157895
30,32,TELANGANA,436,128,0,564,566,0,15  (2112 ),100.35460992907801,0.7730496453900709,22.69503546099291,31,33,123,262,5382573,1932902,2237731,20544.17175572519,7377.488549618321,115.77053570227565,163108.27272727274
31,33,THE DADRA AND NAGAR HAVELI AND DAMAN AND DIU,8,0,0,8,14,4,0,175.0,1.0,0.0,32,3,4,3,55799,53131,7495,18599.666666666668,17710.333333333332,14.106642073365833,18599.666666666668
32,34,TRIPURA,83,6,1,90,145,0,0,161.11111111111111,0.9222222222222223,7.777777777777778,33,8,21,68,525684,3278156,173567,7730.64705882353,48208.17647058824,5.294653457614586,65710.5
33,35,UTTARAKHAND,233,29,0,262,383,0,2  (2 ),146.18320610687024,0.8893129770992366,11.068702290076336,34,13,91,188,2427763,1867374,1260248,12913.632978723404,9932.840425531915,67.48771269172646,186751.0
34,36,UTTAR PRADESH,2352,864,32,3248,4137,0,35  (87 ),127.37068965517241,0.7241379310344828,27.586206896551722,35,74,224,584,51089616,13051330,23332527,87482.21917808219,22348.16780821918,178.7750903547761,690400.2162162162
35,37,WEST BENGAL,717,95,1,813,856,0,0,105.2890528905289,0.8819188191881919,11.808118081180812,36,23,92,277,10031477,14343914,1421004,36214.71841155235,51783.08303249098,9.906668430945697,436151.17391304346
